ID,Kind,Common Name,Scientific Name,Family,Care Level,Sensitivity,Min pH,Ideal pH,Max pH,Min Temp (C),Ideal Temp (C),Max Temp (C),Min Ammonia (ppm),Ideal Ammonia (ppm),Max Safe Ammonia (ppm),Min Nitrite (ppm),Ideal Nitrite (ppm),Max Safe Nitrite (ppm),Min Nitrate (ppm),Ideal Nitrate (ppm),Max Safe Nitrate (ppm),Min Dissolved O2 (mg/L),Ideal Dissolved O2 (mg/L),Max Dissolved O2 (mg/L),Notes,Source
1,Fish,Neon Tetra,Paracheirodon innesi,Characidae,Easy,Low,6.0,6.5,7.0,20.0,23.0,26.0,0.0,0.0,0.02,0.0,0.0,0.02,0.0,8.0,20.0,6.5,8.3,12.0,Neon Tetra stays healthy when ammonia and nitrite are 0 and nitrate stays under the max.,Fish catalog
2,Fish,Cardinal Tetra,Paracheirodon axelrodi,Characidae,Easy,High,4.6,5.8,7.0,23.0,25.0,27.0,0.0,0.0,0.02,0.0,0.0,0.02,0.0,8.0,20.0,6.5,8.3,12.0,Cardinal Tetra stays healthy when ammonia and nitrite are 0 and nitrate stays under the max.,Fish catalog
3,Fish,Ember Tetra,Hyphessobrycon amandae,Characidae,Easy,Low,5.5,6.5,7.5,22.0,25.0,28.0,0.0,0.0,0.02,0.0,0.0,0.02,0.0,8.0,20.0,6.0,7.8,12.0,Ember Tetra stays healthy when ammonia and nitrite are 0 and nitrate stays under the max.,Fish catalog
4,Fish,Black Neon Tetra,Hyphessobrycon herbertaxelrodi,Characidae,Easy,Low,5.5,6.5,7.5,21.0,23.5,26.0,0.0,0.0,0.02,0.0,0.0,0.02,0.0,8.0,20.0,6.2,8.0,12.0,Black Neon Tetra stays healthy when ammonia and nitrite are 0 and nitrate stays under the max.,Fish catalog
5,Fish,Rummy Nose Tetra,Hemigrammus bleheri,Characidae,Moderate,Medium,5.5,6.25,7.0,24.0,26.0,28.0,0.0,0.0,0.02,0.0,0.0,0.02,0.0,8.0,20.0,6.4,8.2,12.0,Rummy Nose Tetra stays healthy when ammonia and nitrite are 0 and nitrate stays under the max.,Fish catalog
6,Fish,Glowlight Tetra,Hemigrammus erythrozonus,Characidae,Easy,Low,5.8,6.65,7.5,22.0,25.0,28.0,0.0,0.0,0.02,0.0,0.0,0.02,0.0,8.0,20.0,6.3,8.1,12.0,Glowlight Tetra stays healthy when ammonia and nitrite are 0 and nitrate stays under the max.,Fish catalog
7,Fish,Congo Tetra,Phenacogrammus interruptus,Characidae,Moderate,Medium,6.0,6.75,7.5,23.0,25.5,28.0,0.0,0.0,0.02,0.0,0.0,0.02,0.0,8.0,20.0,6.4,8.2,12.0,Congo Tetra stays healthy when ammonia and nitrite are 0 and nitrate stays under the max.,Fish catalog
8,Fish,Diamond Tetra,Moenkhausia pittieri,Characidae,Easy,Low,6.0,6.75,7.5,23.0,25.5,28.0,0.0,0.0,0.02,0.0,0.0,0.02,0.0,8.0,20.0,6.3,8.1,12.0,Diamond Tetra stays healthy when ammonia and nitrite are 0 and nitrate stays under the max.,Fish catalog
9,Fish,Bleeding Heart Tetra,Hyphessobrycon erythrostigma,Characidae,Moderate,Medium,6.0,6.75,7.5,22.0,24.5,27.0,0.0,0.0,0.02,0.0,0.0,0.02,0.0,8.0,20.0,6.3,8.1,12.0,Bleeding Heart Tetra stays healthy when ammonia and nitrite are 0 and nitrate stays under the max.,Fish catalog
10,Fish,Serpae Tetra,Hyphessobrycon eques,Characidae,Easy,Low,5.5,6.65,7.8,22.0,25.0,28.0,0.0,0.0,0.02,0.0,0.0,0.02,0.0,8.0,20.0,6.2,8.0,12.0,Serpae Tetra stays healthy when ammonia and nitrite are 0 and nitrate stays under the max.,Fish catalog
11,Fish,Lemon Tetra,Hyphessobrycon pulchripinnis,Characidae,Easy,Low,6.0,6.75,7.5,23.0,25.5,28.0,0.0,0.0,0.02,0.0,0.0,0.02,0.0,8.0,20.0,6.3,8.1,12.0,Lemon Tetra stays healthy when ammonia and nitrite are 0 and nitrate stays under the max.,Fish catalog
12,Fish,Green Neon Tetra,Paracheirodon simulans,Characidae,Moderate,Medium,5.0,6.0,7.0,22.0,24.5,27.0,0.0,0.0,0.02,0.0,0.0,0.02,0.0,8.0,20.0,6.4,8.2,12.0,Green Neon Tetra stays healthy when ammonia and nitrite are 0 and nitrate stays under the max.,Fish catalog
13,Fish,Penguin Tetra,Thayeria boehlkei,Characidae,Easy,Low,6.0,6.75,7.5,23.0,25.0,27.0,0.0,0.0,0.02,0.0,0.0,0.02,0.0,8.0,20.0,6.3,8.1,12.0,Penguin Tetra stays healthy when ammonia and nitrite are 0 and nitrate stays under the max.,Fish catalog
14,Fish,Buenos Aires Tetra,Hyphessobrycon anisitsi,Characidae,Easy,Low,6.0,7.0,8.0,18.0,22.0,26.0,0.0,0.0,0.02,0.0,0.0,0.02,0.0,8.0,20.0,6.4,8.2,12.0,Buenos Aires Tetra stays healthy when ammonia and nitrite are 0 and nitrate stays under the max.,Fish catalog
15,Fish,Silver Tip Tetra,Hasemania nana,Characidae,Easy,Low,6.0,6.75,7.5,22.0,24.5,27.0,0.0,0.0,0.02,0.0,0.0,0.02,0.0,8.0,20.0,6.2,8.0,12.0,Silver Tip Tetra stays healthy when ammonia and nitrite are 0 and nitrate stays under the max.,Fish catalog
16,Fish,Tiger Barb,Puntigrus tetrazona,Cyprinidae,Easy,Low,6.0,7.0,8.0,20.0,23.0,26.0,0.0,0.0,0.02,0.0,0.0,0.02,0.0,8.0,20.0,6.5,8.3,12.0,Tiger Barb stays healthy when ammonia and nitrite are 0 and nitrate stays under the max.,Fish catalog
17,Fish,Cherry Barb,Puntius titteya,Cyprinidae,Easy,Low,6.0,6.75,7.5,22.0,24.5,27.0,0.0,0.0,0.02,0.0,0.0,0.02,0.0,8.0,20.0,6.3,8.1,12.0,Cherry Barb stays healthy when ammonia and nitrite are 0 and nitrate stays under the max.,Fish catalog
18,Fish,Gold Barb,Barbodes semifasciolatus,Cyprinidae,Easy,Low,6.0,7.0,8.0,18.0,21.0,24.0,0.0,0.0,0.02,0.0,0.0,0.02,0.0,8.0,20.0,6.4,8.2,12.0,Gold Barb stays healthy when ammonia and nitrite are 0 and nitrate stays under the max.,Fish catalog
19,Fish,Rosy Barb,Pethia conchonius,Cyprinidae,Easy,Low,6.0,7.0,8.0,18.0,21.5,25.0,0.0,0.0,0.02,0.0,0.0,0.02,0.0,8.0,20.0,6.3,8.1,12.0,Rosy Barb stays healthy when ammonia and nitrite are 0 and nitrate stays under the max.,Fish catalog
20,Fish,Odessa Barb,Pethia padamya,Cyprinidae,Easy,Low,6.5,7.0,7.5,20.0,22.5,25.0,0.0,0.0,0.02,0.0,0.0,0.02,0.0,8.0,20.0,6.4,8.2,12.0,Odessa Barb stays healthy when ammonia and nitrite are 0 and nitrate stays under the max.,Fish catalog
21,Fish,Checkerboard Barb,Oliotius oligolepis,Cyprinidae,Moderate,Medium,6.0,6.5,7.0,23.0,25.0,27.0,0.0,0.0,0.02,0.0,0.0,0.02,0.0,8.0,20.0,6.4,8.2,12.0,Checkerboard Barb stays healthy when ammonia and nitrite are 0 and nitrate stays under the max.,Fish catalog
22,Fish,Zebra Danio,Danio rerio,Cyprinidae,Easy,Low,6.5,7.0,7.5,18.0,21.0,24.0,0.0,0.0,0.02,0.0,0.0,0.02,0.0,8.0,20.0,6.6,8.4,12.0,Zebra Danio stays healthy when ammonia and nitrite are 0 and nitrate stays under the max.,Fish catalog
23,Fish,Pearl Danio,Danio albolineatus,Cyprinidae,Easy,Low,6.0,6.75,7.5,22.0,24.0,26.0,0.0,0.0,0.02,0.0,0.0,0.02,0.0,8.0,20.0,6.4,8.2,12.0,Pearl Danio stays healthy when ammonia and nitrite are 0 and nitrate stays under the max.,Fish catalog
24,Fish,Giant Danio,Devario aequipinnatus,Cyprinidae,Easy,Low,6.0,6.75,7.5,18.0,21.5,25.0,0.0,0.0,0.02,0.0,0.0,0.02,0.0,8.0,20.0,6.6,8.4,12.0,Giant Danio stays healthy when ammonia and nitrite are 0 and nitrate stays under the max.,Fish catalog
25,Fish,Harlequin Rasbora,Trigonostigma heteromorpha,Cyprinidae,Easy,Low,6.0,6.75,7.5,23.0,25.0,27.0,0.0,0.0,0.02,0.0,0.0,0.02,0.0,8.0,20.0,6.3,8.1,12.0,Harlequin Rasbora stays healthy when ammonia and nitrite are 0 and nitrate stays under the max.,Fish catalog
26,Fish,Chili Rasbora,Boraras brigittae,Cyprinidae,Moderate,Medium,4.0,5.5,7.0,23.0,25.0,27.0,0.0,0.0,0.02,0.0,0.0,0.02,0.0,8.0,20.0,6.0,7.8,12.0,Chili Rasbora stays healthy when ammonia and nitrite are 0 and nitrate stays under the max.,Fish catalog
27,Fish,Guppy,Poecilia reticulata,Poeciliidae,Easy,Low,6.8,7.3,7.8,22.0,25.0,28.0,0.0,0.0,0.02,0.0,0.0,0.02,0.0,8.0,20.0,6.5,8.3,12.0,Guppy stays healthy when ammonia and nitrite are 0 and nitrate stays under the max.,Fish catalog
28,Fish,Platy,Xiphophorus maculatus,Poeciliidae,Easy,Low,6.8,7.4,8.0,18.0,22.0,26.0,0.0,0.0,0.02,0.0,0.0,0.02,0.0,8.0,20.0,6.5,8.3,12.0,Platy stays healthy when ammonia and nitrite are 0 and nitrate stays under the max.,Fish catalog
29,Fish,Molly,Poecilia sphenops,Poeciliidae,Easy,Low,7.0,7.75,8.5,22.0,25.0,28.0,0.0,0.0,0.02,0.0,0.0,0.02,0.0,8.0,20.0,6.6,8.4,12.0,Molly stays healthy when ammonia and nitrite are 0 and nitrate stays under the max.,Fish catalog
30,Fish,Swordtail,Xiphophorus hellerii,Poeciliidae,Easy,Low,7.0,7.7,8.4,18.0,22.0,26.0,0.0,0.0,0.02,0.0,0.0,0.02,0.0,8.0,20.0,6.5,8.3,12.0,Swordtail stays healthy when ammonia and nitrite are 0 and nitrate stays under the max.,Fish catalog
31,Fish,Endler's Livebearer,Poecilia wingei,Poeciliidae,Easy,Low,7.0,7.5,8.0,22.0,24.5,27.0,0.0,0.0,0.02,0.0,0.0,0.02,0.0,8.0,20.0,6.5,8.3,12.0,Endler's Livebearer stays healthy when ammonia and nitrite are 0 and nitrate stays under the max.,Fish catalog
32,Fish,Angelfish,Pterophyllum scalare,Cichlidae,Moderate,Medium,6.0,6.75,7.5,24.0,26.5,29.0,0.0,0.0,0.02,0.0,0.0,0.02,0.0,8.0,20.0,6.4,8.2,12.0,Angelfish stays healthy when ammonia and nitrite are 0 and nitrate stays under the max.,Fish catalog
33,Fish,Discus,Symphysodon aequifasciatus,Cichlidae,Difficult,High,5.5,6.25,7.0,28.0,30.0,32.0,0.0,0.0,0.01,0.0,0.0,0.01,0.0,4.0,10.0,6.8,8.6,12.0,Discus is toxin-sensitive. Ammonia and nitrite must stay at 0 ppm.,Fish catalog
34,Fish,German Blue Ram,Mikrogeophagus ramirezi,Cichlidae,Moderate,High,5.0,6.0,7.0,27.0,28.5,30.0,0.0,0.0,0.01,0.0,0.0,0.02,0.0,8.0,20.0,6.5,8.3,12.0,German Blue Ram is toxin-sensitive. Ammonia and nitrite must stay at 0 ppm.,Fish catalog
35,Fish,Kribensis,Pelvicachromis pulcher,Cichlidae,Easy,Low,6.0,6.75,7.5,24.0,25.5,27.0,0.0,0.0,0.02,0.0,0.0,0.02,0.0,8.0,20.0,6.4,8.2,12.0,Kribensis stays healthy when ammonia and nitrite are 0 and nitrate stays under the max.,Fish catalog
36,Fish,Electric Yellow Cichlid,Labidochromis caeruleus,Cichlidae,Moderate,Medium,7.5,8.0,8.5,24.0,25.5,27.0,0.0,0.0,0.02,0.0,0.0,0.02,0.0,8.0,20.0,6.5,8.3,12.0,Electric Yellow Cichlid stays healthy when ammonia and nitrite are 0 and nitrate stays under the max.,Fish catalog
37,Fish,Convict Cichlid,Amatitlania nigrofasciata,Cichlidae,Easy,Low,6.5,7.25,8.0,21.0,24.5,28.0,0.0,0.0,0.02,0.0,0.0,0.02,0.0,8.0,20.0,6.4,8.2,12.0,Convict Cichlid stays healthy when ammonia and nitrite are 0 and nitrate stays under the max.,Fish catalog
38,Fish,Oscar,Astronotus ocellatus,Cichlidae,Moderate,Medium,6.0,6.75,7.5,22.0,24.5,27.0,0.0,0.0,0.02,0.0,0.0,0.02,0.0,8.0,20.0,6.3,8.1,12.0,Oscar stays healthy when ammonia and nitrite are 0 and nitrate stays under the max.,Fish catalog
39,Fish,Firemouth Cichlid,Thorichthys meeki,Cichlidae,Moderate,Medium,6.5,7.0,7.5,23.0,25.5,28.0,0.0,0.0,0.02,0.0,0.0,0.02,0.0,8.0,20.0,6.4,8.2,12.0,Firemouth Cichlid stays healthy when ammonia and nitrite are 0 and nitrate stays under the max.,Fish catalog
40,Fish,Jack Dempsey,Rocio octofasciata,Cichlidae,Moderate,Medium,6.5,7.0,7.5,22.0,25.0,28.0,0.0,0.0,0.02,0.0,0.0,0.02,0.0,8.0,20.0,6.3,8.1,12.0,Jack Dempsey stays healthy when ammonia and nitrite are 0 and nitrate stays under the max.,Fish catalog
41,Fish,Blood Parrot Cichlid,Hybrid Cichlid,Cichlidae,Moderate,Medium,6.5,6.95,7.4,24.0,26.0,28.0,0.0,0.0,0.02,0.0,0.0,0.02,0.0,8.0,20.0,6.3,8.1,12.0,Blood Parrot Cichlid stays healthy when ammonia and nitrite are 0 and nitrate stays under the max.,Fish catalog
42,Fish,Bolivian Ram,Mikrogeophagus altispinosus,Cichlidae,Easy,Low,6.0,6.75,7.5,23.0,25.0,27.0,0.0,0.0,0.02,0.0,0.0,0.02,0.0,8.0,20.0,6.4,8.2,12.0,Bolivian Ram stays healthy when ammonia and nitrite are 0 and nitrate stays under the max.,Fish catalog
43,Fish,Peacock Cichlid,Aulonocara sp.,Cichlidae,Moderate,Medium,7.5,8.0,8.5,24.0,25.5,27.0,0.0,0.0,0.02,0.0,0.0,0.02,0.0,8.0,20.0,6.5,8.3,12.0,Peacock Cichlid stays healthy when ammonia and nitrite are 0 and nitrate stays under the max.,Fish catalog
44,Fish,Keyhole Cichlid,Cleithracara maronii,Cichlidae,Easy,Low,6.0,6.5,7.0,23.0,25.5,28.0,0.0,0.0,0.02,0.0,0.0,0.02,0.0,8.0,20.0,6.4,8.2,12.0,Keyhole Cichlid stays healthy when ammonia and nitrite are 0 and nitrate stays under the max.,Fish catalog
45,Fish,Apistogramma (Cockatoo Dwarf Cichlid),Apistogramma cacatuoides,Cichlidae,Moderate,High,5.0,6.0,7.0,25.0,27.0,29.0,0.0,0.0,0.01,0.0,0.0,0.02,0.0,8.0,20.0,6.5,8.3,12.0,Apistogramma (Cockatoo Dwarf Cichlid) is toxin-sensitive. Ammonia and nitrite must stay at 0 ppm.,Fish catalog
46,Fish,Bronze Corydoras,Corydoras aeneus,Callichthyidae,Easy,Low,6.0,7.0,8.0,22.0,24.0,26.0,0.0,0.0,0.02,0.0,0.0,0.02,0.0,8.0,20.0,6.5,8.3,12.0,Bronze Corydoras stays healthy when ammonia and nitrite are 0 and nitrate stays under the max.,Fish catalog
47,Fish,Panda Corydoras,Corydoras panda,Callichthyidae,Easy,Low,6.0,6.75,7.5,20.0,22.0,24.0,0.0,0.0,0.02,0.0,0.0,0.02,0.0,8.0,20.0,6.4,8.2,12.0,Panda Corydoras stays healthy when ammonia and nitrite are 0 and nitrate stays under the max.,Fish catalog
48,Fish,Sterbai Corydoras,Corydoras sterbai,Callichthyidae,Easy,Low,6.0,6.75,7.5,25.0,27.0,29.0,0.0,0.0,0.02,0.0,0.0,0.02,0.0,8.0,20.0,6.4,8.2,12.0,Sterbai Corydoras stays healthy when ammonia and nitrite are 0 and nitrate stays under the max.,Fish catalog
49,Fish,Bristlenose Pleco,Ancistrus cirrhosus,Loricariidae,Easy,Low,6.5,7.0,7.5,22.0,24.5,27.0,0.0,0.0,0.02,0.0,0.0,0.02,0.0,8.0,20.0,6.6,8.4,12.0,Bristlenose Pleco stays healthy when ammonia and nitrite are 0 and nitrate stays under the max.,Fish catalog
50,Fish,Otocinclus Catfish,Otocinclus vittatus,Loricariidae,Moderate,High,6.0,6.75,7.5,22.0,24.5,27.0,0.0,0.0,0.01,0.0,0.0,0.02,0.0,8.0,20.0,6.7,8.5,12.0,Otocinclus Catfish is toxin-sensitive. Ammonia and nitrite must stay at 0 ppm.,Fish catalog
51,Fish,Clown Pleco,Panaqolus maccus,Loricariidae,Easy,Low,6.5,7.0,7.5,23.0,25.5,28.0,0.0,0.0,0.02,0.0,0.0,0.02,0.0,8.0,20.0,6.5,8.3,12.0,Clown Pleco stays healthy when ammonia and nitrite are 0 and nitrate stays under the max.,Fish catalog
52,Fish,Glass Catfish,Kryptopterus vitreolus,Siluridae,Moderate,Medium,6.0,6.75,7.5,24.0,26.0,28.0,0.0,0.0,0.02,0.0,0.0,0.02,0.0,8.0,20.0,6.3,8.1,12.0,Glass Catfish stays healthy when ammonia and nitrite are 0 and nitrate stays under the max.,Fish catalog
53,Fish,Pictus Catfish,Pimelodus pictus,Pimelodidae,Moderate,Medium,6.5,7.0,7.5,23.0,25.0,27.0,0.0,0.0,0.02,0.0,0.0,0.02,0.0,8.0,20.0,6.4,8.2,12.0,Pictus Catfish stays healthy when ammonia and nitrite are 0 and nitrate stays under the max.,Fish catalog
54,Fish,Farlowella Catfish (Twig Catfish),Farlowella acus,Loricariidae,Difficult,High,6.0,6.5,7.0,22.0,24.0,26.0,0.0,0.0,0.01,0.0,0.0,0.02,0.0,8.0,20.0,6.5,8.3,12.0,Farlowella Catfish (Twig Catfish) is toxin-sensitive. Ammonia and nitrite must stay at 0 ppm.,Fish catalog
55,Fish,Peppered Corydoras,Corydoras paleatus,Callichthyidae,Easy,Low,6.0,6.75,7.5,18.0,20.5,23.0,0.0,0.0,0.02,0.0,0.0,0.02,0.0,8.0,20.0,6.5,8.3,12.0,Peppered Corydoras stays healthy when ammonia and nitrite are 0 and nitrate stays under the max.,Fish catalog
56,Fish,Betta (Siamese Fighting Fish),Betta splendens,Osphronemidae,Easy,Low,6.0,6.75,7.5,24.0,26.0,28.0,0.0,0.0,0.02,0.0,0.0,0.02,0.0,8.0,20.0,5.5,7.3,12.0,Betta (Siamese Fighting Fish) stays healthy when ammonia and nitrite are 0 and nitrate stays under the max.,Fish catalog
57,Fish,Dwarf Gourami,Trichogaster lalius,Osphronemidae,Easy,Low,6.0,6.75,7.5,22.0,25.0,28.0,0.0,0.0,0.02,0.0,0.0,0.02,0.0,8.0,20.0,5.8,7.6,12.0,Dwarf Gourami stays healthy when ammonia and nitrite are 0 and nitrate stays under the max.,Fish catalog
58,Fish,Pearl Gourami,Trichopodus leerii,Osphronemidae,Easy,Low,6.0,6.75,7.5,25.0,26.5,28.0,0.0,0.0,0.02,0.0,0.0,0.02,0.0,8.0,20.0,5.8,7.6,12.0,Pearl Gourami stays healthy when ammonia and nitrite are 0 and nitrate stays under the max.,Fish catalog
59,Fish,Honey Gourami,Trichogaster chuna,Osphronemidae,Easy,Low,6.0,6.75,7.5,24.0,26.0,28.0,0.0,0.0,0.02,0.0,0.0,0.02,0.0,8.0,20.0,5.8,7.6,12.0,Honey Gourami stays healthy when ammonia and nitrite are 0 and nitrate stays under the max.,Fish catalog
60,Fish,Blue Gourami,Trichopodus trichopterus,Osphronemidae,Easy,Low,6.0,7.0,8.0,23.0,25.5,28.0,0.0,0.0,0.02,0.0,0.0,0.02,0.0,8.0,20.0,5.9,7.7,12.0,Blue Gourami stays healthy when ammonia and nitrite are 0 and nitrate stays under the max.,Fish catalog
61,Fish,Chocolate Gourami,Sphaerichthys osphromenoides,Osphronemidae,Difficult,High,4.0,5.25,6.5,25.0,27.0,29.0,0.0,0.0,0.01,0.0,0.0,0.01,0.0,4.0,10.0,5.5,7.3,12.0,Chocolate Gourami is toxin-sensitive. Ammonia and nitrite must stay at 0 ppm.,Fish catalog
62,Fish,Paradise Fish,Macropodus opercularis,Osphronemidae,Easy,Low,6.0,7.0,8.0,15.0,20.0,25.0,0.0,0.0,0.02,0.0,0.0,0.02,0.0,8.0,20.0,5.8,7.6,12.0,Paradise Fish stays healthy when ammonia and nitrite are 0 and nitrate stays under the max.,Fish catalog
63,Fish,Licorice Gourami,Parosphromenus deissneri,Osphronemidae,Difficult,High,4.0,5.0,6.0,23.0,25.0,27.0,0.0,0.0,0.01,0.0,0.0,0.01,0.0,4.0,10.0,5.5,7.3,12.0,Licorice Gourami is toxin-sensitive. Ammonia and nitrite must stay at 0 ppm.,Fish catalog
64,Fish,Kissing Gourami,Helostoma temminkii,Helostomatidae,Moderate,Medium,6.0,7.0,8.0,22.0,25.0,28.0,0.0,0.0,0.02,0.0,0.0,0.02,0.0,8.0,20.0,5.9,7.7,12.0,Kissing Gourami stays healthy when ammonia and nitrite are 0 and nitrate stays under the max.,Fish catalog
65,Fish,Kuhli Loach,Pangio kuhlii,Cobitidae,Easy,Low,5.5,6.0,6.5,24.0,26.0,28.0,0.0,0.0,0.02,0.0,0.0,0.02,0.0,8.0,20.0,6.2,8.0,12.0,Kuhli Loach stays healthy when ammonia and nitrite are 0 and nitrate stays under the max.,Fish catalog
66,Fish,Yoyo Loach,Botia almorhae,Botiidae,Moderate,Medium,6.5,7.0,7.5,23.0,25.0,27.0,0.0,0.0,0.02,0.0,0.0,0.02,0.0,8.0,20.0,6.4,8.2,12.0,Yoyo Loach stays healthy when ammonia and nitrite are 0 and nitrate stays under the max.,Fish catalog
67,Fish,Clown Loach,Chromobotia macracanthus,Botiidae,Moderate,Medium,6.0,6.75,7.5,26.0,28.0,30.0,0.0,0.0,0.02,0.0,0.0,0.02,0.0,8.0,20.0,6.4,8.2,12.0,Clown Loach stays healthy when ammonia and nitrite are 0 and nitrate stays under the max.,Fish catalog
68,Fish,Zebra Loach,Botia striata,Botiidae,Moderate,Medium,6.0,6.75,7.5,25.0,27.0,29.0,0.0,0.0,0.02,0.0,0.0,0.02,0.0,8.0,20.0,6.3,8.1,12.0,Zebra Loach stays healthy when ammonia and nitrite are 0 and nitrate stays under the max.,Fish catalog
69,Fish,Dwarf Chain Loach,Ambastaia sidthimunki,Botiidae,Moderate,Medium,6.0,6.75,7.5,24.0,26.0,28.0,0.0,0.0,0.02,0.0,0.0,0.02,0.0,8.0,20.0,6.3,8.1,12.0,Dwarf Chain Loach stays healthy when ammonia and nitrite are 0 and nitrate stays under the max.,Fish catalog
70,Fish,Weather Loach (Dojo Loach),Misgurnus anguillicaudatus,Cobitidae,Easy,Low,6.0,7.0,8.0,10.0,17.5,25.0,0.0,0.0,0.02,0.0,0.0,0.02,0.0,8.0,20.0,6.5,8.3,12.0,Weather Loach (Dojo Loach) stays healthy when ammonia and nitrite are 0 and nitrate stays under the max.,Fish catalog
71,Fish,Boesemani Rainbowfish,Melanotaenia boesemani,Melanotaeniidae,Easy,Low,7.0,7.5,8.0,25.0,26.5,28.0,0.0,0.0,0.02,0.0,0.0,0.02,0.0,8.0,20.0,6.6,8.4,12.0,Boesemani Rainbowfish stays healthy when ammonia and nitrite are 0 and nitrate stays under the max.,Fish catalog
72,Fish,Turquoise Rainbowfish,Melanotaenia lacustris,Melanotaeniidae,Easy,Low,7.0,7.5,8.0,24.0,26.0,28.0,0.0,0.0,0.02,0.0,0.0,0.02,0.0,8.0,20.0,6.6,8.4,12.0,Turquoise Rainbowfish stays healthy when ammonia and nitrite are 0 and nitrate stays under the max.,Fish catalog
73,Fish,Neon Dwarf Rainbowfish,Melanotaenia praecox,Melanotaeniidae,Easy,Low,6.5,7.0,7.5,24.0,26.0,28.0,0.0,0.0,0.02,0.0,0.0,0.02,0.0,8.0,20.0,6.5,8.3,12.0,Neon Dwarf Rainbowfish stays healthy when ammonia and nitrite are 0 and nitrate stays under the max.,Fish catalog
74,Fish,Threadfin Rainbowfish,Iriatherina werneri,Melanotaeniidae,Moderate,Medium,6.0,6.75,7.5,24.0,26.0,28.0,0.0,0.0,0.02,0.0,0.0,0.02,0.0,8.0,20.0,6.4,8.2,12.0,Threadfin Rainbowfish stays healthy when ammonia and nitrite are 0 and nitrate stays under the max.,Fish catalog
75,Fish,Celebes Rainbowfish,Marosatherina ladigesi,Telmatherinidae,Moderate,Medium,7.0,7.75,8.5,25.0,27.0,29.0,0.0,0.0,0.02,0.0,0.0,0.02,0.0,8.0,20.0,6.6,8.4,12.0,Celebes Rainbowfish stays healthy when ammonia and nitrite are 0 and nitrate stays under the max.,Fish catalog
76,Fish,Common Goldfish,Carassius auratus,Cyprinidae,Easy,Low,6.0,7.0,8.0,10.0,17.0,24.0,0.0,0.0,0.02,0.0,0.0,0.02,0.0,8.0,20.0,6.5,8.3,12.0,Common Goldfish stays healthy when ammonia and nitrite are 0 and nitrate stays under the max.,Fish catalog
77,Fish,Fancy Goldfish (Oranda),Carassius auratus,Cyprinidae,Moderate,Medium,6.0,7.0,8.0,18.0,20.0,22.0,0.0,0.0,0.02,0.0,0.0,0.02,0.0,8.0,20.0,6.5,8.3,12.0,Fancy Goldfish (Oranda) stays healthy when ammonia and nitrite are 0 and nitrate stays under the max.,Fish catalog
78,Fish,White Cloud Mountain Minnow,Tanichthys albonubes,Cyprinidae,Easy,Low,6.0,7.0,8.0,14.0,18.0,22.0,0.0,0.0,0.02,0.0,0.0,0.02,0.0,8.0,20.0,6.6,8.4,12.0,White Cloud Mountain Minnow stays healthy when ammonia and nitrite are 0 and nitrate stays under the max.,Fish catalog
79,Fish,Bloodfin Tetra,Aphyocharax anisitsi,Characidae,Easy,Low,6.0,6.75,7.5,18.0,21.0,24.0,0.0,0.0,0.02,0.0,0.0,0.02,0.0,8.0,20.0,6.4,8.2,12.0,Bloodfin Tetra stays healthy when ammonia and nitrite are 0 and nitrate stays under the max.,Fish catalog
80,Fish,Cape Lopez Killifish,Aphyosemion australe,Nothobranchiidae,Moderate,High,6.0,6.5,7.0,20.0,22.0,24.0,0.0,0.0,0.01,0.0,0.0,0.02,0.0,8.0,20.0,6.2,8.0,12.0,Cape Lopez Killifish is toxin-sensitive. Ammonia and nitrite must stay at 0 ppm.,Fish catalog
81,Fish,Peacock Gudgeon,Tateurndina ocellicauda,Eleotridae,Moderate,Medium,6.5,7.0,7.5,24.0,26.0,28.0,0.0,0.0,0.02,0.0,0.0,0.02,0.0,8.0,20.0,6.3,8.1,12.0,Peacock Gudgeon stays healthy when ammonia and nitrite are 0 and nitrate stays under the max.,Fish catalog
82,Fish,Black Ghost Knifefish,Apteronotus albifrons,Apteronotidae,Difficult,High,6.0,6.75,7.5,24.0,26.0,28.0,0.0,0.0,0.02,0.0,0.0,0.02,0.0,8.0,20.0,6.3,8.1,12.0,Black Ghost Knifefish needs tight water control. Test often and keep waste low.,Fish catalog
83,Fish,Flying Fox,Crossocheilus siamensis,Cyprinidae,Moderate,Medium,6.0,6.75,7.5,22.0,24.0,26.0,0.0,0.0,0.02,0.0,0.0,0.02,0.0,8.0,20.0,6.5,8.3,12.0,Flying Fox stays healthy when ammonia and nitrite are 0 and nitrate stays under the max.,Fish catalog
84,Fish,Red Tail Shark,Epalzeorhynchos bicolor,Cyprinidae,Moderate,Medium,6.5,7.0,7.5,22.0,24.0,26.0,0.0,0.0,0.02,0.0,0.0,0.02,0.0,8.0,20.0,6.5,8.3,12.0,Red Tail Shark stays healthy when ammonia and nitrite are 0 and nitrate stays under the max.,Fish catalog
85,Fish,Rainbow Shark,Epalzeorhynchos frenatum,Cyprinidae,Moderate,Medium,6.5,7.0,7.5,22.0,24.5,27.0,0.0,0.0,0.02,0.0,0.0,0.02,0.0,8.0,20.0,6.5,8.3,12.0,Rainbow Shark stays healthy when ammonia and nitrite are 0 and nitrate stays under the max.,Fish catalog
86,Fish,Roseline Shark,Sahyadria denisonii,Cyprinidae,Moderate,Medium,6.5,7.15,7.8,15.0,18.5,22.0,0.0,0.0,0.02,0.0,0.0,0.02,0.0,8.0,20.0,6.6,8.4,12.0,Roseline Shark stays healthy when ammonia and nitrite are 0 and nitrate stays under the max.,Fish catalog
87,Fish,African Butterflyfish,Pantodon buchholzi,Pantodontidae,Difficult,High,6.0,6.75,7.5,24.0,26.0,28.0,0.0,0.0,0.01,0.0,0.0,0.01,0.0,4.0,10.0,6.0,7.8,12.0,African Butterflyfish is toxin-sensitive. Ammonia and nitrite must stay at 0 ppm.,Fish catalog
88,Fish,Elephant Nose Fish,Gnathonemus petersii,Mormyridae,Difficult,High,6.0,6.6,7.2,24.0,26.0,28.0,0.0,0.0,0.01,0.0,0.0,0.01,0.0,4.0,10.0,6.2,8.0,12.0,Elephant Nose Fish is toxin-sensitive. Ammonia and nitrite must stay at 0 ppm.,Fish catalog
89,Fish,Freshwater Pufferfish (Dwarf Puffer),Carinotetraodon travancoricus,Tetraodontidae,Moderate,High,7.0,7.5,8.0,24.0,26.0,28.0,0.0,0.0,0.01,0.0,0.0,0.01,0.0,4.0,10.0,6.4,8.2,12.0,Freshwater Pufferfish (Dwarf Puffer) is toxin-sensitive. Ammonia and nitrite must stay at 0 ppm.,Fish catalog
90,Fish,Ropefish,Erpetoichthys calabaricus,Polypteridae,Moderate,High,6.5,7.0,7.5,24.0,26.0,28.0,0.0,0.0,0.01,0.0,0.0,0.01,0.0,4.0,10.0,6.0,7.8,12.0,Ropefish is toxin-sensitive. Ammonia and nitrite must stay at 0 ppm.,Fish catalog
91,Fish,Freshwater Angelshark (Bala Shark),Balantiocheilos melanopterus,Cyprinidae,Moderate,Medium,6.0,7.0,8.0,22.0,25.0,28.0,0.0,0.0,0.02,0.0,0.0,0.02,0.0,8.0,20.0,6.6,8.4,12.0,Freshwater Angelshark (Bala Shark) stays healthy when ammonia and nitrite are 0 and nitrate stays under the max.,Fish catalog
92,Fish,Silver Arowana,Osteoglossum bicirrhosum,Osteoglossidae,Difficult,High,6.0,6.75,7.5,24.0,27.0,30.0,0.0,0.0,0.02,0.0,0.0,0.02,0.0,8.0,20.0,6.5,8.3,12.0,Silver Arowana needs tight water control. Test often and keep waste low.,Fish catalog
93,Fish,Black Arowana,Osteoglossum ferreirai,Osteoglossidae,Difficult,High,5.5,6.25,7.0,26.0,28.0,30.0,0.0,0.0,0.02,0.0,0.0,0.02,0.0,8.0,20.0,6.5,8.3,12.0,Black Arowana needs tight water control. Test often and keep waste low.,Fish catalog
94,Fish,Jardini Arowana (Australian Arowana),Scleropages jardinii,Osteoglossidae,Difficult,High,6.5,7.15,7.8,24.0,27.0,30.0,0.0,0.0,0.02,0.0,0.0,0.02,0.0,8.0,20.0,6.4,8.2,12.0,Jardini Arowana (Australian Arowana) needs tight water control. Test often and keep waste low.,Fish catalog
95,Fish,Asian Arowana (Golden/Red Dragon Fish),Scleropages formosus,Osteoglossidae,Difficult,High,6.0,6.75,7.5,26.0,28.0,30.0,0.0,0.0,0.02,0.0,0.0,0.02,0.0,8.0,20.0,6.5,8.3,12.0,Asian Arowana (Golden/Red Dragon Fish) needs tight water control. Test often and keep waste low.,Fish catalog
96,Fish,Flowerhorn Cichlid,Amphilophus hybrid,Cichlidae,Moderate,Medium,6.5,7.25,8.0,26.0,28.0,30.0,0.0,0.0,0.02,0.0,0.0,0.02,0.0,8.0,20.0,6.3,8.1,12.0,Flowerhorn Cichlid stays healthy when ammonia and nitrite are 0 and nitrate stays under the max.,Fish catalog
97,Fish,Green Terror,Andinoacara rivulatus,Cichlidae,Moderate,Medium,6.5,7.25,8.0,22.0,25.0,28.0,0.0,0.0,0.02,0.0,0.0,0.02,0.0,8.0,20.0,6.3,8.1,12.0,Green Terror stays healthy when ammonia and nitrite are 0 and nitrate stays under the max.,Fish catalog
98,Fish,Jaguar Cichlid,Parachromis managuensis,Cichlidae,Difficult,High,7.0,7.6,8.2,25.0,27.5,30.0,0.0,0.0,0.02,0.0,0.0,0.02,0.0,8.0,20.0,6.2,8.0,12.0,Jaguar Cichlid needs tight water control. Test often and keep waste low.,Fish catalog
99,Fish,Frontosa Cichlid,Cyphotilapia frontosa,Cichlidae,Moderate,Medium,7.8,8.4,9.0,24.0,25.5,27.0,0.0,0.0,0.02,0.0,0.0,0.02,0.0,8.0,20.0,6.4,8.2,12.0,Frontosa Cichlid stays healthy when ammonia and nitrite are 0 and nitrate stays under the max.,Fish catalog
100,Fish,Iridescent Shark (Pangasius),Pangasianodon hypophthalmus,Pangasiidae,Difficult,High,6.5,7.0,7.5,22.0,24.0,26.0,0.0,0.0,0.02,0.0,0.0,0.02,0.0,8.0,20.0,6.6,8.4,12.0,Iridescent Shark (Pangasius) needs tight water control. Test often and keep waste low.,Fish catalog
101,Fish,Redtail Catfish,Phractocephalus hemioliopterus,Pimelodidae,Difficult,High,6.0,6.75,7.5,22.0,24.5,27.0,0.0,0.0,0.02,0.0,0.0,0.02,0.0,8.0,20.0,6.4,8.2,12.0,Redtail Catfish needs tight water control. Test often and keep waste low.,Fish catalog
102,Fish,Tiger Shovelnose Catfish,Pseudoplatystoma tigrinum,Pimelodidae,Difficult,High,6.0,6.75,7.5,23.0,25.5,28.0,0.0,0.0,0.02,0.0,0.0,0.02,0.0,8.0,20.0,6.4,8.2,12.0,Tiger Shovelnose Catfish needs tight water control. Test often and keep waste low.,Fish catalog
103,Fish,Red-bellied Pacu,Piaractus brachypomus,Serrasalmidae,Difficult,High,6.0,6.75,7.5,23.0,25.5,28.0,0.0,0.0,0.02,0.0,0.0,0.02,0.0,8.0,20.0,6.4,8.2,12.0,Red-bellied Pacu needs tight water control. Test often and keep waste low.,Fish catalog
104,Fish,Indonesian Tiger Fish (Datnoid),Datnioides microlepis,Datnioididae,Difficult,High,6.5,7.15,7.8,24.0,26.0,28.0,0.0,0.0,0.02,0.0,0.0,0.02,0.0,8.0,20.0,6.3,8.1,12.0,Indonesian Tiger Fish (Datnoid) needs tight water control. Test often and keep waste low.,Fish catalog
105,Fish,Motoro Freshwater Stingray,Potamotrygon motoro,Potamotrygonidae,Difficult,High,6.0,6.75,7.5,24.0,26.0,28.0,0.0,0.0,0.02,0.0,0.0,0.02,0.0,6.0,15.0,6.5,8.3,12.0,Motoro Freshwater Stingray needs tight water control. Test often and keep waste low.,Fish catalog
106,Fish,Clown Knifefish,Chitala ornata,Notopteridae,Difficult,High,6.0,6.75,7.5,24.0,26.0,28.0,0.0,0.0,0.02,0.0,0.0,0.02,0.0,8.0,20.0,6.3,8.1,12.0,Clown Knifefish needs tight water control. Test often and keep waste low.,Fish catalog
107,Fish,Senegal Bichir (Dinosaur Eel),Polypterus senegalus,Polypteridae,Moderate,Medium,6.0,7.0,8.0,24.0,26.0,28.0,0.0,0.0,0.02,0.0,0.0,0.02,0.0,8.0,20.0,5.5,7.3,12.0,Senegal Bichir (Dinosaur Eel) stays healthy when ammonia and nitrite are 0 and nitrate stays under the max.,Fish catalog
108,Fish,Fire Eel,Mastacembelus erythrotaenia,Mastacembelidae,Moderate,Medium,6.5,7.0,7.5,24.0,26.0,28.0,0.0,0.0,0.02,0.0,0.0,0.02,0.0,8.0,20.0,6.2,8.0,12.0,Fire Eel stays healthy when ammonia and nitrite are 0 and nitrate stays under the max.,Fish catalog
109,Fish,Giant Gourami,Osphronemus goramy,Osphronemidae,Moderate,Medium,6.5,7.25,8.0,23.0,25.5,28.0,0.0,0.0,0.02,0.0,0.0,0.02,0.0,8.0,20.0,6.0,7.8,12.0,Giant Gourami stays healthy when ammonia and nitrite are 0 and nitrate stays under the max.,Fish catalog
110,Fish,Tinfoil Barb,Barbonymus schwanenfeldii,Cyprinidae,Moderate,Medium,6.0,6.75,7.5,22.0,25.0,28.0,0.0,0.0,0.02,0.0,0.0,0.02,0.0,8.0,20.0,6.5,8.3,12.0,Tinfoil Barb stays healthy when ammonia and nitrite are 0 and nitrate stays under the max.,Fish catalog
111,Fish,Electric Blue Acara,Andinoacara pulcher,Cichlidae,Moderate,Medium,6.5,7.25,8.0,22.0,25.0,28.0,0.0,0.0,0.02,0.0,0.0,0.02,0.0,8.0,20.0,6.3,8.1,12.0,Electric Blue Acara stays healthy when ammonia and nitrite are 0 and nitrate stays under the max.,Fish catalog
112,Fish,Jewel Cichlid,Hemichromis bimaculatus,Cichlidae,Moderate,Medium,6.5,7.0,7.5,22.0,25.0,28.0,0.0,0.0,0.02,0.0,0.0,0.02,0.0,8.0,20.0,6.3,8.1,12.0,Jewel Cichlid stays healthy when ammonia and nitrite are 0 and nitrate stays under the max.,Fish catalog
113,Fish,Pearlscale Geophagus,Geophagus brasiliensis,Cichlidae,Moderate,Medium,6.0,6.9,7.8,22.0,24.5,27.0,0.0,0.0,0.02,0.0,0.0,0.02,0.0,8.0,20.0,6.3,8.1,12.0,Pearlscale Geophagus stays healthy when ammonia and nitrite are 0 and nitrate stays under the max.,Fish catalog
114,Fish,Rainbow Cichlid,Herotilapia multispinosa,Cichlidae,Easy,Low,6.5,7.25,8.0,23.0,25.5,28.0,0.0,0.0,0.02,0.0,0.0,0.02,0.0,8.0,20.0,6.3,8.1,12.0,Rainbow Cichlid stays healthy when ammonia and nitrite are 0 and nitrate stays under the max.,Fish catalog
115,Fish,Hillstream Loach (Borneo Sucker),Sewellia lineolata,Gastromyzontidae,Moderate,High,6.5,7.0,7.5,20.0,22.0,24.0,0.0,0.0,0.02,0.0,0.0,0.02,0.0,6.0,15.0,7.0,8.8,12.0,Hillstream Loach (Borneo Sucker) stays healthy when ammonia and nitrite are 0 and nitrate stays under the max.,Fish catalog
116,Fish,Celestial Pearl Danio (Galaxy Rasbora),Danio margaritatus,Cyprinidae,Moderate,Medium,6.5,7.0,7.5,22.0,24.0,26.0,0.0,0.0,0.02,0.0,0.0,0.02,0.0,8.0,20.0,6.5,8.3,12.0,Celestial Pearl Danio (Galaxy Rasbora) stays healthy when ammonia and nitrite are 0 and nitrate stays under the max.,Fish catalog
117,Fish,Cherry Shrimp,Neocaridina davidi,Atyidae,Easy,High,6.5,7.25,8.0,20.0,23.0,26.0,0.0,0.0,0.02,0.0,0.0,0.02,0.0,8.0,20.0,6.0,7.8,12.0,"Cherry Shrimp needs stable, clean water. Copper and ammonia spikes are deadly.",Fish catalog
118,Fish,Blue Dream Shrimp,Neocaridina davidi var. Blue,Atyidae,Easy,High,6.5,7.25,8.0,20.0,23.0,26.0,0.0,0.0,0.02,0.0,0.0,0.02,0.0,8.0,20.0,6.0,7.8,12.0,"Blue Dream Shrimp needs stable, clean water. Copper and ammonia spikes are deadly.",Fish catalog
119,Fish,Red Rili Shrimp,Neocaridina davidi var. Red Rili,Atyidae,Easy,High,6.5,7.25,8.0,20.0,23.0,26.0,0.0,0.0,0.02,0.0,0.0,0.02,0.0,8.0,20.0,6.0,7.8,12.0,"Red Rili Shrimp needs stable, clean water. Copper and ammonia spikes are deadly.",Fish catalog
120,Fish,Amano Shrimp,Caridina multidentata,Atyidae,Easy,High,6.5,7.0,7.5,18.0,22.0,26.0,0.0,0.0,0.02,0.0,0.0,0.02,0.0,8.0,20.0,6.2,8.0,12.0,"Amano Shrimp needs stable, clean water. Copper and ammonia spikes are deadly.",Fish catalog
121,Fish,Bamboo Shrimp (Wood Shrimp),Atyopsis moluccensis,Atyidae,Moderate,High,6.5,7.0,7.5,22.0,25.0,28.0,0.0,0.0,0.02,0.0,0.0,0.02,0.0,8.0,20.0,6.3,8.1,12.0,"Bamboo Shrimp (Wood Shrimp) needs stable, clean water. Copper and ammonia spikes are deadly.",Fish catalog
122,Fish,Cardinal Sulawesi Shrimp,Caridina dennerli,Atyidae,Difficult,High,7.5,8.0,8.5,26.0,28.0,30.0,0.0,0.0,0.02,0.0,0.0,0.02,0.0,6.0,15.0,6.2,8.0,12.0,"Cardinal Sulawesi Shrimp needs stable, clean water. Copper and ammonia spikes are deadly.",Fish catalog
1001,Plant,Java Fern,Microsorum pteropus,Polypodiaceae,Easy,Low,6.0,6.75,7.5,20.0,24.0,28.0,0.0,0.0,0.25,0.0,0.0,0.75,5.0,18.0,45.0,4.0,6.5,12.0,Hardy aquarium plant. Tolerates a wider chemistry window than most fish.,Derived from plant catalog + aquarium chemistry rules
1002,Plant,Java Moss,Taxiphyllum barbieri,Hypnaceae,Easy,High,5.5,6.75,8.0,20.0,24.0,28.0,0.0,0.0,0.1,0.0,0.0,0.25,5.0,12.0,25.0,5.0,7.0,12.0,Sensitive foliage. Keep ammonia near 0 and nitrate moderate.,Derived from plant catalog + aquarium chemistry rules
1003,Plant,Anubias Nana,Anubias barteri var. nana,Araceae,Easy,Low,6.0,6.75,7.5,22.0,25.0,28.0,0.0,0.0,0.25,0.0,0.0,0.75,5.0,18.0,45.0,4.0,6.5,12.0,Hardy aquarium plant. Tolerates a wider chemistry window than most fish.,Derived from plant catalog + aquarium chemistry rules
1004,Plant,Anubias Barteri (Broad Leaf),Anubias barteri,Araceae,Easy,Low,6.0,6.75,7.5,22.0,25.0,28.0,0.0,0.0,0.25,0.0,0.0,0.75,5.0,18.0,45.0,4.0,6.5,12.0,Hardy aquarium plant. Tolerates a wider chemistry window than most fish.,Derived from plant catalog + aquarium chemistry rules
1005,Plant,Amazon Sword,Echinodorus bleheri,Alismataceae,Easy,Low,6.5,7.0,7.5,22.0,25.0,28.0,0.0,0.0,0.25,0.0,0.0,0.75,5.0,18.0,45.0,4.0,6.5,12.0,Hardy aquarium plant. Tolerates a wider chemistry window than most fish.,Derived from plant catalog + aquarium chemistry rules
1006,Plant,Cryptocoryne Wendtii,Cryptocoryne wendtii,Araceae,Easy,Low,6.0,6.75,7.5,22.0,25.0,28.0,0.0,0.0,0.25,0.0,0.0,0.75,5.0,18.0,45.0,4.0,6.5,12.0,Hardy aquarium plant. Tolerates a wider chemistry window than most fish.,Derived from plant catalog + aquarium chemistry rules
1007,Plant,Cryptocoryne Balansae,Cryptocoryne balansae,Araceae,Moderate,Medium,6.0,6.75,7.5,22.0,25.0,28.0,0.0,0.0,0.2,0.0,0.0,0.5,5.0,15.0,40.0,4.0,6.5,12.0,Hardy aquarium plant. Tolerates a wider chemistry window than most fish.,Derived from plant catalog + aquarium chemistry rules
1008,Plant,Cryptocoryne Parva,Cryptocoryne parva,Araceae,Moderate,Medium,6.0,6.75,7.5,22.0,25.0,28.0,0.0,0.0,0.2,0.0,0.0,0.5,5.0,15.0,40.0,4.0,6.5,12.0,Hardy aquarium plant. Tolerates a wider chemistry window than most fish.,Derived from plant catalog + aquarium chemistry rules
1009,Plant,Vallisneria (Straight),Vallisneria spiralis,Hydrocharitaceae,Easy,Low,6.5,7.25,8.0,20.0,24.0,28.0,0.0,0.0,0.25,0.0,0.0,0.75,5.0,18.0,50.0,4.0,6.5,12.0,Fast grower / floater — useful nitrate sink.,Derived from plant catalog + aquarium chemistry rules
1010,Plant,Hornwort,Ceratophyllum demersum,Ceratophyllaceae,Easy,Low,6.0,7.0,8.0,15.0,21.5,28.0,0.0,0.0,0.25,0.0,0.0,0.75,5.0,18.0,50.0,4.0,6.5,12.0,Fast grower / floater — useful nitrate sink.,Derived from plant catalog + aquarium chemistry rules
1011,Plant,Water Wisteria,Hygrophila difformis,Acanthaceae,Easy,Low,6.0,6.75,7.5,22.0,25.0,28.0,0.0,0.0,0.25,0.0,0.0,0.75,5.0,18.0,50.0,4.0,6.5,12.0,Fast grower / floater — useful nitrate sink.,Derived from plant catalog + aquarium chemistry rules
1012,Plant,Dwarf Hairgrass,Eleocharis acicularis,Cyperaceae,Moderate,High,6.0,6.75,7.5,18.0,23.0,28.0,0.0,0.0,0.1,0.0,0.0,0.25,5.0,12.0,25.0,5.0,7.0,12.0,Sensitive foliage. Keep ammonia near 0 and nitrate moderate.,Derived from plant catalog + aquarium chemistry rules
1013,Plant,Rotala Rotundifolia,Rotala rotundifolia,Lythraceae,Moderate,Medium,6.0,6.75,7.5,22.0,25.0,28.0,0.0,0.0,0.2,0.0,0.0,0.5,5.0,18.0,50.0,4.0,6.5,12.0,Fast grower / floater — useful nitrate sink.,Derived from plant catalog + aquarium chemistry rules
1014,Plant,Ludwigia Repens,Ludwigia repens,Onagraceae,Moderate,Medium,6.0,6.75,7.5,20.0,24.0,28.0,0.0,0.0,0.2,0.0,0.0,0.5,5.0,18.0,50.0,4.0,6.5,12.0,Fast grower / floater — useful nitrate sink.,Derived from plant catalog + aquarium chemistry rules
1015,Plant,Bacopa Monnieri,Bacopa monnieri,Plantaginaceae,Easy,Low,6.0,6.75,7.5,20.0,24.0,28.0,0.0,0.0,0.25,0.0,0.0,0.75,5.0,18.0,45.0,4.0,6.5,12.0,Hardy aquarium plant. Tolerates a wider chemistry window than most fish.,Derived from plant catalog + aquarium chemistry rules
1016,Plant,Hygrophila Polysperma,Hygrophila polysperma,Acanthaceae,Easy,Low,6.0,6.75,7.5,22.0,25.0,28.0,0.0,0.0,0.25,0.0,0.0,0.75,5.0,18.0,50.0,4.0,6.5,12.0,Fast grower / floater — useful nitrate sink.,Derived from plant catalog + aquarium chemistry rules
1017,Plant,Ambulia (Limnophila),Limnophila sessiliflora,Plantaginaceae,Easy,Low,6.0,6.75,7.5,20.0,24.0,28.0,0.0,0.0,0.25,0.0,0.0,0.75,5.0,18.0,50.0,4.0,6.5,12.0,Fast grower / floater — useful nitrate sink.,Derived from plant catalog + aquarium chemistry rules
1018,Plant,Duckweed,Lemna minor,Araceae,Easy,Low,5.0,6.5,8.0,15.0,22.5,30.0,0.0,0.0,0.3,0.0,0.0,0.75,5.0,20.0,60.0,3.5,6.5,12.0,Fast grower / floater — useful nitrate sink.,Derived from plant catalog + aquarium chemistry rules
1019,Plant,Water Lettuce,Pistia stratiotes,Araceae,Easy,Low,6.0,6.75,7.5,20.0,25.0,30.0,0.0,0.0,0.3,0.0,0.0,0.75,5.0,20.0,60.0,3.5,6.5,12.0,Fast grower / floater — useful nitrate sink.,Derived from plant catalog + aquarium chemistry rules
1020,Plant,Amazon Frogbit,Limnobium laevigatum,Hydrocharitaceae,Easy,Low,6.0,6.75,7.5,20.0,24.0,28.0,0.0,0.0,0.3,0.0,0.0,0.75,5.0,20.0,60.0,3.5,6.5,12.0,Fast grower / floater — useful nitrate sink.,Derived from plant catalog + aquarium chemistry rules
1021,Plant,Salvinia (Water Fern),Salvinia natans,Salviniaceae,Easy,Low,6.0,6.75,7.5,20.0,24.0,28.0,0.0,0.0,0.3,0.0,0.0,0.75,5.0,20.0,60.0,3.5,6.5,12.0,Fast grower / floater — useful nitrate sink.,Derived from plant catalog + aquarium chemistry rules
1022,Plant,Cabomba (Green),Cabomba caroliniana,Cabombaceae,Moderate,Medium,6.0,6.5,7.0,20.0,23.0,26.0,0.0,0.0,0.2,0.0,0.0,0.5,5.0,18.0,50.0,4.0,6.5,12.0,Fast grower / floater — useful nitrate sink.,Derived from plant catalog + aquarium chemistry rules
1023,Plant,Egeria/Elodea (Anacharis),Egeria densa,Hydrocharitaceae,Easy,Low,6.0,6.75,7.5,15.0,20.5,26.0,0.0,0.0,0.25,0.0,0.0,0.75,5.0,18.0,50.0,4.0,6.5,12.0,Fast grower / floater — useful nitrate sink.,Derived from plant catalog + aquarium chemistry rules
1024,Plant,Red Tiger Lotus,Nymphaea zenkeri,Nymphaeaceae,Moderate,Medium,6.0,6.75,7.5,22.0,25.0,28.0,0.0,0.0,0.2,0.0,0.0,0.5,5.0,15.0,40.0,4.0,6.5,12.0,Hardy aquarium plant. Tolerates a wider chemistry window than most fish.,Derived from plant catalog + aquarium chemistry rules
1025,Plant,Marsilea Hirsuta,Marsilea hirsuta,Marsileaceae,Moderate,High,6.0,6.75,7.5,20.0,24.0,28.0,0.0,0.0,0.1,0.0,0.0,0.25,5.0,12.0,25.0,5.0,7.0,12.0,Sensitive foliage. Keep ammonia near 0 and nitrate moderate.,Derived from plant catalog + aquarium chemistry rules
1026,Plant,Staurogyne Repens,Staurogyne repens,Acanthaceae,Moderate,Medium,6.0,6.75,7.5,22.0,25.0,28.0,0.0,0.0,0.2,0.0,0.0,0.5,5.0,15.0,40.0,4.0,6.5,12.0,Hardy aquarium plant. Tolerates a wider chemistry window than most fish.,Derived from plant catalog + aquarium chemistry rules
1027,Plant,Monte Carlo,Micranthemum tweediei,Linderniaceae,Difficult,High,6.0,6.75,7.5,20.0,23.0,26.0,0.0,0.0,0.1,0.0,0.0,0.25,5.0,12.0,25.0,5.0,7.0,12.0,Sensitive foliage. Keep ammonia near 0 and nitrate moderate.,Derived from plant catalog + aquarium chemistry rules
1028,Plant,Dwarf Baby Tears (HC Cuba),Hemianthus callitrichoides,Linderniaceae,Difficult,High,6.0,6.75,7.5,20.0,23.0,26.0,0.0,0.0,0.1,0.0,0.0,0.25,5.0,12.0,25.0,5.0,7.0,12.0,Sensitive foliage. Keep ammonia near 0 and nitrate moderate.,Derived from plant catalog + aquarium chemistry rules
1029,Plant,Christmas Moss,Vesicularia montagnei,Hypnaceae,Easy,High,5.5,6.5,7.5,20.0,23.0,26.0,0.0,0.0,0.1,0.0,0.0,0.25,5.0,12.0,25.0,5.0,7.0,12.0,Sensitive foliage. Keep ammonia near 0 and nitrate moderate.,Derived from plant catalog + aquarium chemistry rules
1030,Plant,Riccia Fluitans,Riccia fluitans,Ricciaceae,Moderate,High,6.0,6.75,7.5,18.0,22.0,26.0,0.0,0.0,0.3,0.0,0.0,0.75,5.0,20.0,60.0,3.5,7.0,12.0,Fast grower / floater — useful nitrate sink. Sensitive foliage. Keep ammonia near 0 and nitrate moderate.,Derived from plant catalog + aquarium chemistry rules
1031,Plant,Water Sprite,Ceratopteris thalictroides,Pteridaceae,Easy,Low,6.0,6.75,7.5,20.0,24.0,28.0,0.0,0.0,0.3,0.0,0.0,0.75,5.0,20.0,60.0,3.5,6.5,12.0,Fast grower / floater — useful nitrate sink.,Derived from plant catalog + aquarium chemistry rules
1032,Plant,Banana Plant,Nymphoides aquatica,Menyanthaceae,Easy,Low,6.0,6.75,7.5,20.0,24.0,28.0,0.0,0.0,0.25,0.0,0.0,0.75,5.0,18.0,45.0,4.0,6.5,12.0,Hardy aquarium plant. Tolerates a wider chemistry window than most fish.,Derived from plant catalog + aquarium chemistry rules
1033,Plant,Marimo Moss Ball,Aegagropila linnaei,Cladophoraceae,Easy,Low,6.0,6.75,7.5,18.0,21.5,25.0,0.0,0.0,0.25,0.0,0.0,0.75,5.0,18.0,45.0,4.0,6.5,12.0,Hardy aquarium plant. Tolerates a wider chemistry window than most fish.,Derived from plant catalog + aquarium chemistry rules
1034,Plant,Water Trumpet (Crypt Undulata),Cryptocoryne undulata,Araceae,Easy,Low,6.0,6.75,7.5,22.0,25.0,28.0,0.0,0.0,0.25,0.0,0.0,0.75,5.0,18.0,45.0,4.0,6.5,12.0,Hardy aquarium plant. Tolerates a wider chemistry window than most fish.,Derived from plant catalog + aquarium chemistry rules
1035,Plant,Lotus (Dwarf Aquatic),Nymphaea stellata,Nymphaeaceae,Moderate,Medium,6.0,6.75,7.5,22.0,25.0,28.0,0.0,0.0,0.2,0.0,0.0,0.5,5.0,15.0,40.0,4.0,6.5,12.0,Hardy aquarium plant. Tolerates a wider chemistry window than most fish.,Derived from plant catalog + aquarium chemistry rules
1036,Plant,Water Hyacinth,Eichhornia crassipes,Pontederiaceae,Easy,Low,6.0,6.75,7.5,20.0,25.0,30.0,0.0,0.0,0.3,0.0,0.0,0.75,5.0,20.0,60.0,3.5,6.5,12.0,Fast grower / floater — useful nitrate sink.,Derived from plant catalog + aquarium chemistry rules
1037,Plant,Pennywort (Brazilian),Hydrocotyle leucocephala,Araliaceae,Easy,Low,6.0,6.75,7.5,20.0,24.0,28.0,0.0,0.0,0.25,0.0,0.0,0.75,5.0,18.0,50.0,4.0,6.5,12.0,Fast grower / floater — useful nitrate sink.,Derived from plant catalog + aquarium chemistry rules
1038,Plant,Alternanthera Reineckii,Alternanthera reineckii,Amaranthaceae,Moderate,Medium,6.0,6.75,7.5,22.0,25.0,28.0,0.0,0.0,0.2,0.0,0.0,0.5,5.0,15.0,40.0,4.0,6.5,12.0,Hardy aquarium plant. Tolerates a wider chemistry window than most fish.,Derived from plant catalog + aquarium chemistry rules
1039,Plant,Micro Sword,Lilaeopsis brasiliensis,Apiaceae,Moderate,High,6.0,6.75,7.5,20.0,23.0,26.0,0.0,0.0,0.1,0.0,0.0,0.25,5.0,12.0,25.0,5.0,7.0,12.0,Sensitive foliage. Keep ammonia near 0 and nitrate moderate.,Derived from plant catalog + aquarium chemistry rules
1040,Plant,Bolbitis (African Fern),Bolbitis heudelotii,Dryopteridaceae,Moderate,Medium,6.0,6.75,7.5,22.0,25.0,28.0,0.0,0.0,0.2,0.0,0.0,0.5,5.0,15.0,40.0,4.0,6.5,12.0,Hardy aquarium plant. Tolerates a wider chemistry window than most fish.,Derived from plant catalog + aquarium chemistry rules
